/*
MySQL Data Transfer
Source Host: localhost
Source Database: secure_gcloud
Target Host: localhost
Target Database: secure_gcloud
Date: 26-Sep-19 6:02:50 PM
*/


create databasae mycloud;

use mycloud;

SET FOREIGN_KEY_CHECKS=0;
-- ----------------------------
-- Table structure for admin
-- ----------------------------
DROP TABLE IF EXISTS `admin`;
CREATE TABLE `admin` (
  `aname` text,
  `apass` text
) ENGINE=InnoDB DEFAULT CHARSET=latin1;

-- ----------------------------
-- Table structure for okey
-- ----------------------------
DROP TABLE IF EXISTS `okey`;
CREATE TABLE `okey` (
  `oname` text,
  `okey` text,
  `dt` text,
  `task` text,
  `current` text
) ENGINE=InnoDB DEFAULT CHARSET=latin1;

-- ----------------------------
-- Table structure for pkg
-- ----------------------------
DROP TABLE IF EXISTS `pkg`;
CREATE TABLE `pkg` (
  `username` text,
  `password` text
) ENGINE=InnoDB DEFAULT CHARSET=latin1;

-- ----------------------------
-- Table structure for requests
-- ----------------------------
DROP TABLE IF EXISTS `requests`;
CREATE TABLE `requests` (
  `reqby` text,
  `reqto` text,
  `fname` text,
  `stat` text,
  `okey` text
) ENGINE=InnoDB DEFAULT CHARSET=latin1;

-- ----------------------------
-- Table structure for results
-- ----------------------------
DROP TABLE IF EXISTS `results`;
CREATE TABLE `results` (
  `fname` text,
  `tdelay` text,
  `tpt` text
) ENGINE=InnoDB DEFAULT CHARSET=latin1;

-- ----------------------------
-- Table structure for secretkeys
-- ----------------------------
DROP TABLE IF EXISTS `secretkeys`;
CREATE TABLE `secretkeys` (
  `fname` text,
  `dt` text,
  `aeskey` text,
  `stat` text
) ENGINE=InnoDB DEFAULT CHARSET=latin1;

-- ----------------------------
-- Table structure for stateless
-- ----------------------------
DROP TABLE IF EXISTS `stateless`;
CREATE TABLE `stateless` (
  `si` int(10) NOT NULL auto_increment,
  `fname` text,
  `sk` text,
  PRIMARY KEY  (`si`)
) ENGINE=InnoDB DEFAULT CHARSET=latin1;

-- ----------------------------
-- Table structure for transactions
-- ----------------------------
DROP TABLE IF EXISTS `transactions`;
CREATE TABLE `transactions` (
  `uname` text,
  `utype` text,
  `fname` text,
  `sk` text,
  `task` text,
  `dt` text
) ENGINE=InnoDB DEFAULT CHARSET=latin1;

-- ----------------------------
-- Table structure for users
-- ----------------------------
DROP TABLE IF EXISTS `users`;
CREATE TABLE `users` (
  `fullname` text,
  `username` text,
  `pword` text,
  `email` text,
  `mobile` text,
  `address` text,
  `dob` text,
  `gender` text,
  `otype` text,
  `userpic` longblob
) ENGINE=InnoDB DEFAULT CHARSET=latin1;

-- ----------------------------
-- Table structure for webserver
-- ----------------------------
DROP TABLE IF EXISTS `webserver`;
CREATE TABLE `webserver` (
  `uname` text,
  `fname` text,
  `content` text,
  `sk` text,
  `rank` text,
  `dt` text,
  `pname` text,
  `age` text,
  `padd` text,
  `pmno` text,
  `psym` text,
  `pdisease` text,
  `ptest` text,
  `presult` text
) ENGINE=InnoDB DEFAULT CHARSET=latin1;

-- ----------------------------
-- Records 
-- ----------------------------
INSERT INTO `admin` VALUES ('Cloud', 'Cloud');
INSERT INTO `okey` VALUES ('Manjunath', '4z0w1k2y1p2r4i9g2k8a0h7t5y9n6n5d', '26/09/2019', 'New', 'Current');
INSERT INTO `okey` VALUES ('Manjunath', '1k8e4v8s6l3y4j3n1q1g8b2o0r9r7o0c', '26/09/2019', 'New', 'Current');
INSERT INTO `okey` VALUES ('Manjunath', '9l1o4q0e7l3x8n3o1r5o2b8o9z0c6c8n', '26/09/2019', 'New', 'Current');
INSERT INTO `pkg` VALUES ('pkg', 'pkg');
INSERT INTO `requests` VALUES ('tmksmanju', 'Manjunath', 'Roshan.txt', '[B@f02a6d', 'null');
INSERT INTO `results` VALUES ('Amar.txt', '325', '1024');
INSERT INTO `results` VALUES ('Gopi.txt', '252', '1024');
INSERT INTO `results` VALUES ('Komala.txt', '343', '0');
INSERT INTO `results` VALUES ('Roshan.txt', '362', '1024');
INSERT INTO `secretkeys` VALUES ('Amar.txt', '26/09/2019 15:59:55', '[B@16e9494', 'User');
INSERT INTO `secretkeys` VALUES ('Gopi.txt', '26/09/2019 17:45:30', '[B@1a8c064', 'User');
INSERT INTO `secretkeys` VALUES ('Komala.txt', '26/09/2019 17:47:12', '[B@17d56b', 'User');
INSERT INTO `secretkeys` VALUES ('Roshan.txt', '26/09/2019 17:48:26', '[B@a3c7b1', 'User');
INSERT INTO `transactions` VALUES ('Ashok', 'Owner', 'Amar.txt', '[B@16e9494', 'Uplaod', '26/09/2019 15:59:55');
INSERT INTO `transactions` VALUES ('Manjunath', 'Owner', 'Gopi.txt', '[B@1a8c064', 'Upload', '26/09/2019 17:45:30');
INSERT INTO `transactions` VALUES ('Manjunath', 'Owner', 'Komala.txt', '[B@17d56b', 'Upload', '26/09/2019 17:47:12');
INSERT INTO `transactions` VALUES ('Manjunath', 'Owner', 'Roshan.txt', '[B@a3c7b1', 'Upload', '26/09/2019 17:48:26');
INSERT INTO `transactions` VALUES ('tmksmanju', 'User', 'Roshan.txt', '[B@f02a6d', 'Download', '26/09/2019 17:55:18');
INSERT INTO `users` VALUES ('Ashok', 'Ashok', 'Ashok', 'Ashok.123@gmail.com', '9535866270', '#82,4th Cross,Rajajiangar', '05/06/1987', 'Male', 'Owner', 0xFFD8FFE000104A46494600010101006000600000FFDB0043000201010201010202020202020202030503030303030604040305070607070706070708090B0908080A0807070A0D0A0A0B0C0C0C0C07090E0F0D0C0E0B0C0C0CFFDB004301020202030303060303060C0807080C0C0C0C0C0C0C0C0C0C0C0C0C0C0C0C0C0C0C0C0C0C0C0C0C0C0C0C0C0C0C0C0C0C0C0C0C0C0C0C0C0C0C0C0C0C0C0C0C0CFFC0001108008E006F03012200021101031101FFC4001F0000010501010101010100000000000000000102030405060708090A0BFFC400B5100002010303020403050504040000017D01020300041105122131410613516107227114328191A1082342B1C11552D1F02433627282090A161718191A25262728292A3435363738393A434445464748494A535455565758595A636465666768696A737475767778797A838485868788898A92939495969798999AA2A3A4A5A6A7A8A9AAB2B3B4B5B6B7B8B9BAC2C3C4C5C6C7C8C9CAD2D3D4D5D6D7D8D9DAE1E2E3E4E5E6E7E8E9EAF1F2F3F4F5F6F7F8F9FAFFC4001F0100030101010101010101010000000000000102030405060708090A0BFFC400B51100020102040403040705040400010277000102031104052131061241510761711322328108144291A1B1C109233352F0156272D10A162434E125F11718191A262728292A35363738393A434445464748494A535455565758595A636465666768696A737475767778797A82838485868788898A92939495969798999AA2A3A4A5A6A7A8A9AAB2B3B4B5B6B7B8B9BAC2C3C4C5C6C7C8C9CAD2D3D4D5D6D7D8D9DAE2E3E4E5E6E7E8E9EAF2F3F4F5F6F7F8F9FAFFDA000C03010002110311003F00FDFCA28A28033BC4BE2CD37C1FA35DEA3AB5EDAE9BA7D8C665B8BAB9956286140325999880001D4935F08FED15FF0005D7F08F83F579F4BF86FA24FE31B985CA36AB72FF0066D318E3FE59F064971EB855E38635E71FF0702F8EBC4979E3AF0378220D6ECF4AF0E6AB6325FB5A5E6A70E9F06A97292ECDBBA574590A294214B71BB38CF35F05693F0F2F34C004D75E1A057FBBE21B06FD44E69DBA8AE8FA9FC63FF0558F8E5F126791A3F14DAF86AD64CE2DB47D3A040473F7A49564978F5475AE1B52FDA8BE276BCFBAEBE2178CA46EAC46AB3264FD1580AE1744D0195563FB4E97239E823D4ADA4FFD06435AADA0DC5AA967B79155792C30CA47AE46452D1ECC6EEB7474307C7BF8851BEEFF0084F3C64CDD89D6AE063FF1FAEC3C0DFB717C64F86D224BA6F8FF005A9846DB9ADF52D9A84128FEEB0995980F528CA7DEBCBA38CA641E71523485101EF4B55B8F4E87E8A7EC83FF000573D2FE26F89AC3C2FF0010EC2DFC37ADDFB8B6B4D4E073FD9D792938546DC730BB1C6DC9656C81B81E2BED78A6595010720D7F3FBA9A2146591C2C4C40218E33920601F5F4AFD82FF82677C6CBCF8DDFB2468177A95DB5E6AFA1B3E8D7B33925E5780ED47627AB347B093DC934C47D0745028A0028A28A00283C514D76DA2803E53FF82AB7ECBBE03FDB43E1868DF0FF00C71A4FF68DACD7DFDA714F0C861BAB0F294AEE8A51CA33170A7B15DC2BE18B5FF83763E01DA483ECB7BF112C40ED0EB5038FA7EF2DD8D7E86FC66D4FFB67E335F866062D3EDE2B303DC83237FE86BF90ACAD831D2BE3730C7D558997B39592D0FAECBF0349E1E3ED2376F53E21D3FF00E0833F07748205BEBDF12028EAAFA9D990DF95A03FAD745A77FC126BE11F82A2DD6D61E239EE40FF005D36BD721CFF00DF0CAA3F0515F5CC9182DD4F4AC5F175E476B68C481BD861477AF3A798D76AEE6CF4A9E070E9E9047C41F17FF62D3E07F327F046AD78AE9CB69DABDE3DCC13E7F856660648DBD09665E7918E47CE7AF7C73D2FC35797567A85AEAB6BAA583986E6D24831240E3A8639DBDC1041208208E0D7E84F8C9C12C460B67392338F6AFCEAFF0082946810683F1AB49D5216F28EB3A66CB800E03BC32101F1EA5640A4FA227A57A191E6F5675FEAF55DD33CCCEB2CA50A5EDE9AB58F3BF883F186EBC5DA946F17996D696CC2448B772483D58FAD7EB87FC1063C70756F00F8FF00472434697763AC4208E00B885A3603E9F6707FE055F88B73AEC51FCC58800E71EB5FAD9FF06EEF893FB4B5BF11C01FFD7F87AD5B00F5F2E66507F26AFB33E48FD53A280314500145145000780698DCA0CF2714F6E86A3906D4FA0FCEA64EC07CADE33D5777C57F11BB3827FB4245393D3680A3F402A68F57B665CB4CB8FF0064F35E4FF17B5C96C7E38F8C20795818F579B8CE300E187E86A1B1F1581F30201F635F9862B156AF28F9B3F46C0E1FF71097923D5350F1344A8766063F335C5F8AB59F3DCB6F2D81D4D62CDE2BDD1E37F39F5AC1D6BC49BD5BE7E79EF5C952ADF43BA34BB143C51A80903E4F5AF85BFE0A23F077C63F1BBE2AF85ED3C31A624F6D69A7CCF757D3C821B7B62D22ED567E49276E70149FA57D85E23D7328D96FD6B85F12DD6ED3649F240F33CBDC3B719CFD6A30F8C786ABEDA1AB415F071C452F653D99F9B1FB4F7ECB7E31FD9C3C2F69AE6A973A6EA9A2DE482DDEEECA5722DE5C7DD65600807070715FA8DFF06D0E9CF78BE25D49831583C3F65186EDFBD91DC7E616BE57FDBBEE7FE126FD94759F0E28537DE25D5EC6D2C723386593CC9A403D1514927D08F5AFD27FF820E7ECF12FC16FD939F56BB81A2B8F185C473C219083F64863F2E138EC09DEC3D438AFD1722C6D5C561DD4ABB9F059D6069E1711ECE96C7DDC0F14B48BD296BDA3C80A28A28006E86A39791F415252138FA52607E777ED9F049E0AFDA7FC488400BA8AC1A847CF50D0853FF8F46F5C1DAF8B02FF001600F7AF6DFF0082B6781E6D2B57F0BF8C6184BDBCA8FA3DD30380ADCCB164FBFEF057C870F8B38FBD5F94675074B1B522D79AF99FA764B355B0906BA69F71EA92F8B72BF7FF005158FA9F8A81CFCD9FC6B873E2CFDDFDE3C9ACDBDF146F27E7E95E54AA9E9A824741AF788CBA3724633DEB13C53ACA69FF000C1AEA53953745F81B8ED09E8393F77B7AD605E6B72EA3751C119DCF31D8ABDD89E0567FED1DE301E0CF0ADAD844CA26B5831843CF98C3AFE1C9FCAAA1EF2BB26A3B2D0F43FD877FE09D3E2AFDB37C7F65E38F1D6977BE1FF87D01DDA7D85C831CF7916771508791E61037B9038C28CE09AFD7BF087866D7C2DA15AD8D9C51DBDB59C4B0C51C68112345002A803A000600AE1BF63DF138F1BFECC5E03D577090DEE8568CCE0F5611283FA835E9E3815FB060230861E11A6ACAC99F94632A4EA5794AA3D6E2D14515D673851451400507938A0F0290B0033430679CFED41F05ADFE3EFC1DD6FC3336D496F21DF6B29FF9633A7CD1B7D03019F626BF1DBC4B67A8F827C4D7FA3EA704D63A8E97335BDCDBC830D1C80F43ED8E73D0820F7AFDC3D635AB4D0F4F9EEEF278AD2DADD0BCB34CE112351D4927802BF333FE0A197BE10FDA57E2047A9782ED4DB6AF67198AEF5772560D55546146C03242E3FD61E71C608E6BE7F38E17C4E67FBEC146F28EFE9D8F6B28E23A197BF678995A2FF33E617D79FA6EC7E9556EB5C0BC96239E4E2B4BFE19E3C7E7CBDBE1F6984B179CB2A5D465193715DC338206411C8A3FE1596BDE108CCF7BF60B29C74C11712AFE246C53EE01AFCDAB616AD0A92A55E3CB25D19FA1E1F134ABC155A0EF17B32F68D7B6FF000EEC3FB6753C1BB954FD82D5861FA73230EC3918AF06F8A9E28B8F17EAB2DDDD339DCC4AA83D07A5779E3091A49E46792495D8659E472EEC7D493FE7FA79978B7AB66B38B4FDD46AD2BEA7E9AFFC11ABFE0A11E1F8BF67987C09E2FD4069379E14B836B65773AB186E60725D54B818565248E70318E6BF43B45D7ED75FD3E3BAB2B982EEDA51B92585C3A38F6238AFC19FD92BC2F7B6496690C4EB2DEC8657C83CE4E003F4007E66BEFEF86563ACFC33D3EDAE340D4EE348BE2AB24823F9EDE738E9244783F5E0FBD7F41F0E70BD6AF94D2ADCDEFDB667E099FF0011D2C36653A36BC6E7DEAAF96C714E15E2BF04FF006ABB6F16EB51E81E26823D0BC44C310AB3116F7DFF005C98FF0017AA1E7D335ECE92AB0E3B579F89C355C3CF92AAB33D1C362A9D78F3D37743E8A01CD1589D0155752BF4D2ED9E6919121894BB33B05000049249FA5586FBA79AF977FE0A63F1F9FE1F7C36B7F0AD84D245AA78A032C8C9C3416CA46F39EC589DBF4CD6F85C34B115A34A3D4E6C562550A4EA33C27F6C5FDAE6F7E3EF8BA6D0F469E6B6F08D8CA6350991FDA4EBFF002D5BA7C99FBA0F1D0D79FF00857421B0078C10E7924F3CD737E11B10447FC2C07207635EA1E0DD284CF1F19F981CFE35FB165B80A586A4A9D35B7E27E5998E3AA57ABCF366F6DFB36BF7D6CBF2AD869365100383921E463F8B127F1AF06F8D3C6F04EECF7AF7AD4D9ADFC6DE2695D1961778ED637DA76B3A061B73D33B7071DFB57837C6D23CD908CF3923038AFE50E3077CCEB4DF567F4DF0924B2DA515D11E03E2CE2493F1AE67C23F0E6F3E27F8CE2D3ED609248C7CF3305C8519E9F535EA5E0FF821E23F8DDE25FECFD0EC9A540DFE9172E0AC16EBEAEF8E3A1E3A9C57D9BF023F662D07E06787A086DA1179A93E1EE6F1D41323E39DA0F451DBBD77704F08D7CD7131A9555A92776FBFA1E6F19F15D1CB30F285195EAC9592EC733FB33FECD8BE07B64BEBDB758E74C08D0F240E31F8715EDB1E98554617F4AB9A7DAAE7B6EFA735A2DA766204E457F4D5371A1154A0AC92B23F9B2B4E5566EAD4776DDCC3BCF0D69DE3DD37FB2F52CC677FFA15E2FCB25ACA3A7CDD719E87A8EC6BD0FF0066FF008FDA9E9BE2A7F87DE3795175DB751FD9B7EE78D5E2E7FF0022018FF7B9EE0D70D7D06C248273D78AAFF137C2A7E27FC3E82E2DA436FE23D0184BA7DD21C4892A1057E6F43800FE7D8D78F9BE5F0C443DE5A3FC1FFC1EA7B59363E5427A3D11F60C4FBD01F514EAF26FD92BE3EAFC76F86A93DD2ADBEBDA43FD875483A6D9940CB01FDD61CFD723B57ABA1CE706BF39AD4654A6E9CF747E8F46B46AC14E3D41F9438E38AFCBDFDBCBE20B7C40FDA975B02432DA68CEBA6C1CE40318024FFC7CB7E55FA6DE21D4974AD12EEE5C854B685E463E802935F8EBE2CD75FC4FE3AD47537259EFEF25B8739CE4B393FD6BEA384A92F6F2ACFA2B7DE7CFF1256E5A51A7DD9D6783ED8348BD3A57AA7826D81F2C0E39F4F7AF29F06CD8650464D7AC782EE155A3E0673D3D6BF4BA7B33F3CABB9ED5F03FC3D67AED9F8D22BEB68AF6DAE75765786550C8DB506320FD6A2D63F64AF8772DEB5CCFE1D8E53DD64BBB86840FFAE664DBFA56E7C00B71168BE23970079FADCE73F455007E1CD5AF897E2516816CE3389A5E5F6FF0A7FF005EBF17FEC8A78FC6BA7282776CFD656692C0E0A35549AD0E723D3AC34DB44B2D1ECACB4ED3A0F952082154427A64818A6DE598C13D0FD2996D73B00208E463AD497374187241CFBD7E9184C1D3C35354A92B25D8FCBB198CA98AA8EBD5776FB95ED24114B83D00EB5A2D761D3AE0560DC5DF9527038A44D572A33FA9AEF741CB739398B77F382D8A3C2BA9983539210404B8520FAE474FE66B2AF3502C31CD54B2D53C8D5ADDB701F3F2735D0F0D7A6D0E9D5E5A8AE647C28F1ABFC0AFDB3678E26F2F4DF195B62443C299B9208F7DCB8FF819AFB3F40F1DDBEA51FCCE4301DC6335F9E9FB52EA6FA5F8A3C3FAD44C565D36E81DCBD400437F43F9D7D2FE04F1FA6A9A645708C08719043672315F9E715E1D42AC2AA5BA3F45E1AAFCF4A549FD967B37C7786FA6F83BE268F4D89A6BF974CB85B78D782F2794DB47E2715F90925A4FA55FBDB5C46F0CF0332BA38C321070411DABF69EE6DD2E6074700AB02083EF5F267ED89FB0743E3FF3F5EF0E0106AC46F640802DC11D9BDF1DEB9B20CD21869FB3ABB499BE77964F13153A6F547C73E0FD442919CFA57A77843521BE3C1E73C1F4AF22B9D1353F0278864D3B53B292CAEE1621A3938C81D483D0D767E16D7827978CFDEC57E9987AB19C2E99F9F62694A32B4B43EC8F832C9A67C3ED4EE6670A8752BB94FAFCAE413F8E2B83D53C44FAE6AF3DD393899B7283D547614ED7BC789A37C2BD3EC223B67D5EE26B96C768FCD6FE67F9573B67A8ACB9C743D2BC3E1ACAF914EBCF79367ABC478E73E4C3C5E8923A58EFB2BC1C52C97F95EF91584BA871CD3C5F315E08C7D2BE93EAD63E679F42E5D5F01CF22A8CBA8F95C9207B66ABDD5F8894B31EDC5739AE7885635639E7DABA634D25A99ADCE86EB5955072E2B9ED57C4E21B940ADC641EDD8D727AA78CF6B6031CD733A9F8CD8DCC786382F83F9D6556AC631691D14E8DDA377F693D45751D188639649430E7B577BFB36F8E1EEFC190248E4BC2817F0AF18F8C9AD0BEC4449C39CD763FB24E9B77E2349AD6052FB33D0E36819AF81E295CF8784D9F71C32F92BCE2BAA3F4F0F4F5A63A6E18C64631F5A7D15F056D6E7DA1E59F1B7F658F0EFC62D3CC77567189B39128E194FA83DABE46F89DFB0D78A7E1C5E4F3E92AFA9D920CAC657120FC7A1FD2BF4308CD41776915C445645DEA7B1E6BD2C0E6B89C23FDD4BE47062B2DC3E217EF23F33F31B5EF166A0BAA451EA504F66F69108638E6431ED519E39E33927F3AD3D23C5A405C1E057DF1E31F81BE1CF1BC0D1DEE9D6D26FF00E2318C8FA579078D3FE09F7E1ABF90C9613DC69EDD418E42067E95F5B81E328422A1529DBD0F98C6F0A4AA49D4A53BFA9F3FC3E3021793B73D334E9BC6276E0B0E05763E28FD89AEF4395BECDE22254678963DD8FD2B8ED4BF674D6ECDC85D634F603BB42F9FD0D7BF1E2BC1B4AF75F23C67C2D8C4F4B7DE646A3E2EDDBB2C315CB6B5E27DC490CB5D7BFECE7AE5FC9B5B57D39413D444F9FE75774DFD8A6F75A6D936BD12E7BA4647F3A8ABC4D8351BDDFDC694F86B17CD6697DE787F887C460B10AC0B1ED9EB581693DDEA5A822C02476DD9C22E735F68781FFE09A9A35E057BFD526BB0BC90C783FA57B87803F632F06782444F1E9D0CD32E30CCA0FF004AF9FC671641AFDCC1B3D7A3C3138CED56563E0DF869FB2DF8CBE356AAB23D9DD410391996504614F3C57DDDFB2E7ECAD61F03FC381197CEB9947CCC4D7ACE8FE19B3D06111DA41140A00184502AF818039AF94C66655B14EF51E9DBB1F4F83C052C32B5347FFFD9);
INSERT INTO `users` VALUES ('Suresh', 'Suresh', 'Suresh', 'Sures.123@gmail.com', '9535866270', '#728,4th Cross,Rajajinagar', '05/06/1987', 'Male', 'User', 0xFFD8FFE000104A46494600010101006000600000FFDB0043000201010201010202020202020202030503030303030604040305070607070706070708090B0908080A0807070A0D0A0A0B0C0C0C0C07090E0F0D0C0E0B0C0C0CFFDB004301020202030303060303060C0807080C0C0C0C0C0C0C0C0C0C0C0C0C0C0C0C0C0C0C0C0C0C0C0C0C0C0C0C0C0C0C0C0C0C0C0C0C0C0C0C0C0C0C0C0C0C0C0C0C0CFFC00011080089006803012200021101031101FFC4001F0000010501010101010100000000000000000102030405060708090A0BFFC400B5100002010303020403050504040000017D01020300041105122131410613516107227114328191A1082342B1C11552D1F02433627282090A161718191A25262728292A3435363738393A434445464748494A535455565758595A636465666768696A737475767778797A838485868788898A92939495969798999AA2A3A4A5A6A7A8A9AAB2B3B4B5B6B7B8B9BAC2C3C4C5C6C7C8C9CAD2D3D4D5D6D7D8D9DAE1E2E3E4E5E6E7E8E9EAF1F2F3F4F5F6F7F8F9FAFFC4001F0100030101010101010101010000000000000102030405060708090A0BFFC400B51100020102040403040705040400010277000102031104052131061241510761711322328108144291A1B1C109233352F0156272D10A162434E125F11718191A262728292A35363738393A434445464748494A535455565758595A636465666768696A737475767778797A82838485868788898A92939495969798999AA2A3A4A5A6A7A8A9AAB2B3B4B5B6B7B8B9BAC2C3C4C5C6C7C8C9CAD2D3D4D5D6D7D8D9DAE2E3E4E5E6E7E8E9EAF2F3F4F5F6F7F8F9FAFFDA000C03010002110311003F00FDFCA8E59551802793DA89252A9918E3D457E5FF00FC15BFFE0ACFE3DF837F15F52F863E0CD36E3C2DF63853ED3AE4D1FF00A4DE6F1906D81F9523EDBF924E40C62BC7CEF3AA196619E26BDDAD925BB675E0B05531553D9D23F42FE307ED21E04F80FA3BDDF8C3C57A1F87E3032A97776892C9ECA99DCC7E82BE39F8CFFF000703FC26F02B4D6FE18D27C47E2EB95042BA46B696C5B9EAEE77E33DC257E36F8BFC7FACF8CF5496F756D46EF53BC98E5E6BA98CD237AE59B24D617992649E3939C7A57E4B8FF12B1D55DB090505E7ABFD17E07D961B85B0F0D6B3727F723F483E20FF00C1C6BF1075332A786BC13E15D20123CB92F9E6BC641C750AD1839FC2B8E1FF00070A7C78CFCD61F0F187FD822E3FF926BE0F2589CD44F705588ED5F37538BB399CB9BDBC97A1EA4725C0A56F66BE67E927C27FF8389BE2169BAE2B78CBC2BE16D5B4E7601C69B14B67344BDF6969240C7EA057E8CFEC7DFF000504F873FB65E8BE6F85F555B7D5621FE91A45EB2C7790F1D42E4EF5F75C8AFE70C5E8518248ADEF86BF16F59F843E34D37C43E1ED46E34BD574A9D6E20B885CAB2329CF6EA0F71D08CE6BD9C9B8EF31C3D54B152F6907BDF7F933871DC3B86A906E8AE597E1F71FD494332CC0EDED4FAF0DFF00827FFED85A67EDA3FB3B693E2BB47863D51545AEAF68BC7D92E9546E18FEE9FBC0FA1AF7156240278CD7EEB85C4D3C4518D7A4EF192BA3F3FAB4A54E6E1356685A28A2BA080A28A2801A573DABC87F6BEFD9D3E1CFC74F8697B1F8F3C33A6EB115AC27C89DE309756EC4F1E5CA3E7424E3A1C1C735EC15E37FB63F890E99E16D32C5640A6F2E0C857B9083F9648FCAB8332F67F569FB449AB6CF5474E0A129578A8EF73F343C57FF000478F036A73B49A46B9E26D2919890924915CC6A3B050555FF00363586FF00F0467D1474F1A6B07FEDC23FFE2ABECC8F5612203BB1ED4EFED21EBFAD7E5B5722CBE5EF3A68FBD8E2AAAD99F991FB67FEC57E19FD933C17653AF88B57D5F5AD5A529676CD68A91ED5C798EEC09C0008C0EE4D7CC971653BD9B5C18655B7590466528426F3D17774CE39C7A735FB81E25D3ED3C4B61F66BC8A2B8889CED9543AE720F4231D876AF91FFE0A09FB3B78D7E395DF86F40F0D59E8F6BE1AB193ED771752DC842672A531E58190A8A5871D77F6C0AF9DCCF87E11BD4A3A2EC8EFA18872494B73F392EB746D81CFBE6AB7F68329C7438AEE3F68DF85B17C0FF8A57FE1882FDF55974A86DCDD5C14D83CD78D5C8C7F08C9E013D2BCD2E6739E1B9AF9F58671972CB7474B91FA7FFF0006DCFC7593C3DF1DFC55E09B8B86FB278934C1776F11638173036781D0131BB67D768F4AFD9F85B7229E9915FCD9FF00C11EFE23DCF81BFE0A1DF0D2489894BED622D3A45DD8DCB39F27F42E0E3DABFA4D41C0AFDAF80AB3965FECA5F65BFC753E03892928E2B9D7DA43E8A28AFB83C00A28A2800AF96FF6F4D69AD7C67A0445CE12D1DC2E7A12F827F202BEA36E9F4AF8E7FE0A33A89B4F8A9A12038CE9C4FF00E446FF000AF1F3D76C1CBD57E67AB932BE297CCF35835C05FA9C66AC0D5F77438AE221D68AAE4B74F7AB516BC4AF535F08E7A1F68A923AC6D573C16FD6A39AE63B8652DC953B860F7AE71755DE01C9E7DE9F1EA586E49FCEB09C935A9AC558F98BFE0A07FB3B59A7C2DF176B5A269B35DF883C5BACE9CF2B850F2492298E18E34F45039FA924F4AF17B4FF008262A9F85F2BCFE209E4F1ABC2D2C16D0A21B3DE064445BAB13C8DDF2F24715FA0F77E5EA368D14A7721E8080403EB5C76BF676BA33A483CB822B40669253D23551B8B13E80035E456C14253E6B1D74DE9A9F9D5FF0004A7F0EDF7887FE0A25F0B6C638992E6DBC4B6734CA7AA08275964CFA10233F957F4DF103B467D2BF0ABFE0DE2F82B1FC5DFDB47C41E3F36E5F4FD07ED3796ECCB954795D91067D70CC6BF75A33951C60E2BF41E0DC23A384949FDA67C1F105552C428AE887514515F6078414514500046457C65FF000549D2DAC3C57E12D4D33FE936D35B367A655D48FF00D0CD7D9B5F3DFF00C1493E1E49E31FD9FE5D4ADA1796EBC3B3A5E7CBD7CA242498FA060DFF0001AF2F3AA4EA60E696FBFDDA9E8E535553C541BDB6FBCF85A1D589CF3D6AE5BEAD8039EB5C8DBEA25382791C1ABB6FA9960306BF33E67DCFD0792C7571EABF375E055986FF007E3AE6B99835126AE417C38E6936348D4F1778F2C3C01E10D4F5BD52736FA76916CF777322A9731C6AA599B03938009C57C6BFB757EDE3A1F89FC10BE06F867AD5A789F5EF1CC6B6D2DCD849BA3B1B7938653C7DF7076ED1CA8249E6BEB5D7F4E87C61A25E6897091CB06A96F25B488C32195D4A9CFE06BCD3FE085FFF000448BCB2F1E4BF137E266932DAD8E917F2C5A159DCAE1AFBCA91944DB0F223E3209EBF4AECCBB08F1557D9C7747263B16B0F4B9D9F7CFF00C119FF0061F5FD8C3F643D32CF50423C49E220350D4895DAE990764679ECA73F5635F5D74029B02845C00001C00074A7D7E9D86A11A34A34A3B23F3BAB565526EA4B761451456E66145145001547C47A1DBF89746BAD3EF104B69790B432C67A3AB0208FC41ABD4D72B9C1C64D269356634EDAA3F227E3B7C2BBDF81BF16357F0EDDEF2969316B691B83340DCC6DEF918CE3B822B9BB5BDDB8E6BF4D3F6B8FD97BC2FF00B43F844C9AB5EC5A26A1A5E5E0D57E50601DD5C9C650E4704F1DABF39BE307C28BFF0082F6325EDDDC5BDFE9E6EBECB1CD6E18339E707691D081EB5F9C66B9355C3CA5520AF0EFD8FBCCB335A5888A84DDA7DBB94EDAF896C0EF5624D605BE1148795CED0A0F39AE293C573DDA85821F2D40189253823F01FD6B6BC3AAB148B33132C8E3990FAE7A0AF05C923DD8D26DEA7A1781F4F68262CC0C976E4280BCE0F602BF44FF0065DD596EFE1769D62E596F34C84453A363393F303F4E71F857C6DFB32FC327D6D07882F9192CEDCE2D14AF13363EF7D057B3687E33BEF01788A3BCB29191F3B648F276CC3FBA4679EA7F1E6BEDB85F2F9D38BC4D4D1CB65E5DCF92E23C5C2AC961E9FD9D5FA9F56A8C0A5AF2FF00847FB607C3CF8C3E27B9F0FE8FE2BD12E3C4D62A1AEF495BB53756E71C8DB9E71DF19C66BD396656C608E6BECA51947492B1F1F0AB09ABC1A7E83A8A334549614514500248DB149F4AF06FDBF3FE0A05E03FF827D7C15B8F1778CAED9EE26CC1A56936ECA6F357B81D238D49E8320B39E147279C03DBFED4FF00B497867F64BF809E24F881E2DBC5B4D17C3B68D71273F3DCBE3E48631FC523B61547726BF960FDBA7F6DEF19FEDF9F1FB52F1CF8C6EE43E7318B4BD315F75BE8D6B9CAC110E9C0C166EACD927B57B194656F193BCB482DFF00E01E067B9DC7014ED1D66F65FAB3EEEFD9B7F6BEF8B3FF0005ABFDBDAC5FC53772E93F0BFC139D71BC39A7BB4761FBA7CDAA4DCE6799A564625F8C464A81818FB4BF68CD7FC1FF0013BC49A97C1EB0D66397E225AE8D3F8A22D3EDC091963B700EC948FB8CE8E4AA8192067DCFE67FECE1FB72E91FF04D2FD8564B0F059B2D67E387C5494EA534B812C1E17D3C030C1E6F6698EC92411E463CD05B0000DE79FF0004A3F8F5AB7837FE0A6BE00F15EB1A8DC5FEA1E21D5DEC354BCB97324D71F6C468599C9EBF3329C74F940E95DF98E44B1B0AB14AD4E316979E9BFDE793967127D4654537CD56724E4FB26F6FB8FB0BC32B79AFEAF6D6365049757D7722C51408BF348EC400B8F524D7D8FF0006FF00E09D37C20B4D43C6B7D1DBC1B77FF66D8C9993B1DB2498C0EE0ECCE3D6B2ECBE0FF82BF660F8A7E34F8C3E2FD4E1D37C27E1BBB9350D3A227E48CC9F31271F78ABB18D13B9C7E3F4DFC0BFDA07C3BFB53FC10D07C7BE169E59B45F105BF9D089805961604ABC6E3B3ABA9047A8AFCA728E184A2EBE2A3749D976F9FF0091FAF667C4A9D4587C34926D5DF7F97F999DAE5AD8F83FC3BB235B7B2D3B4F88E141DB1C1128C924F6000EA6BF267F6E6FF829BEB3F1AFC45A87867C077573A2783E177824BB8C18EEB5520E0B6E07E488E0E00E48C13D715F477FC173BF6C06F84DF0D6C3E1BE877663D6FC68923EA4D11C496D608402A4F632B12BEEAAE3BD7E5A6872831000638C0C70315FB1F0CE470E458BA91FF0AFD7FC8FC178EB8A2A46ABCBF0D2B5BE37FA7F9FDC6BE857177A06B56DA8585D5D595E5948B2DBCF04A629627520870CB82181E72315F7AFEC6DFF0005D9F883F059AD347F8916E7C7FE1D84AA8BB188F56B751C7DFE126E3FBF8627F8ABE12B68C1038E6AF416DE61C7AD7D66232FA1898F2568DFF3FBCFCCF059DE2F0153DA6166E2FF0007EA8FE91BF674FDA93C19FB54FC3F83C49E0BD562D4AC25F966889D971652601314D1F54719E41FC3239AF458C865C8EF5FCDE7ECD7FB4978C3F64BF8936FE27F086A525A5C4642DD5A3926DB518720B452AF420FAFDE1D8D7EEE7EC59FB65F877F6CFF0083F6FE27D018DBCF13FD9F52D3A46066D3AE3BA31EE0F5561C3023A1C81F9EE7591CF04FDA47583EBFE67ECDC29C6547355EC2A7BB552DBA35DD7EA8F68A2914E4515E09F6E7E09FFC1CF3FB7649F14BE35E9BF04344B80DA27811E3D4B5A68D8EDB8D46488EC8CFA88A27CFA6E90F71C7E56C10735D6FC79F8C17BFB40FC6BF15F8E35042979E29D56E3519108F9A312C859573FECA902B9A8A3DC46057EA99760D61E8469AF9FA9F866738F9627132AAF6E9E81140AB9C03B89E5BD7DABAFF0082DAE3783BE2AF86B568DFCB7D3354B5BB56CE3063995873DB915CE5A5B9661D2B46DED821C85C9E9CD7A0A9292E4EE784F14E1352EAB53EC9FF0082B17EDF93FED3BE3EFF00842FC3D7CE7C11E1993CA2D11C26A774A70D21C7DE54C10991FDE3DC63E84FF8376FF6B31E0EBFF1B7C2DD7AF9A1D264B693C4FA4F9AC4A5B3C4145DA28EC0A6C7C7FB0C7B9AFCC08602C7246493C9ADCF0DEB37DE1B9DA6D3EEEE2CA668A480C9048D1B98E4528EB9183865241F504D7254C9294B07F54868BF5EE76D2E2BC452CCBFB427ABEABCBB1EA5FB6CFED1373FB527ED4FE2EF18CB70F2D8DFDF347A746D92B05A467644A013C655431F52C4D71FE1FD44C24035816D6A580E3DAB4AD0320F415ECD1A11A54E34E3B2563E331F984EB569569BD64DBFBCEFB47BB170172DCD6E5A4618E7D2B85D16FCC04026BB1D17521205048E6AB92C79DF5AD2C6AA5B1954F1C57B87FC13DFF6AFD43F636FDA334AD74DCDC7FC235A8B8B2D76D5643B25B763FEB36F42F193B949F71DEBC6AD58320C63DEA76B60FD8FE158D7A10AD4DD29ECC785C7D5C2E2218AA0ED28BBAFEBCCFE96345D66DB5ED36DAEED2559ED6F2259E191795911802181F42083457C8DFF00045BFDA49BE347ECAB0787F509FCCD67C0120D2250CE19E4B6DA0DBBFAE36E53FED9D15F8D6330D2C3D795196E99FD69946634F1F83A78CA5B4D27FE6BE4CFE68FC6DF0EB5CF85DE2DBEF0FF0088B4BBBD1F59D36530DCDA5CA6C961704E411F875E86AA5BD9E4F4E9D6BFABFF008E3FB31F827E325A795E27F06F86BC46A0EF0352D321B9DAD8C6E059720E09E739E7AD7C97F157FE0899F00BC66B36DF00C1A34920003E957535A95C1ECBB8AE7F0AFB1A1C5747FE5EC1AF43E0719C0988BB742A27EB747E01DB5B9561D320E3AD5E86DB18CD7EB7FC43FF008377BC0D752C937873C5BE2CD1727222BB10DEC4AB8E003B51FAF72C7E95E15E3BFF0082057C47F0F798DA1789BC35AE228CA2CEB35A3B7FE3ACBD3DEBD8C3F10E027A73DBD51F2B8DE0DCDE9EB1A7CDE8D33E15B5B7181D6B46D2DBB57BBF8CFF00E098FF001A3E1F3CBE7F832EF518E227E7D3654BADC07F10553BB07B719F6AF31D7FE147893C0F70D1EB1E1ED6B4B91786177672438FFBE9457B9431987ABFC39A7F33E3330CB71B41DAB52947D53316DE0E719F7ABD6D6DD3AD3ADED0373C600C91DC7FF5EADC30E7B7D2BBA2D33E6ABD4685B68F0C0E715B7A55D1848CF6E959F05BE31C55DB78F1DEB4514F53CBAB51AD8EAB48D5C600279AE82CA613A6723915C2D8CA508E718ADAB1D68C2A17FAD43A5D89862AFA33F457FE0827E2F6D1BF682F17E8DF761D4B445B8E3A1686655E7F090D15A7FF00041CF843A9CFE23F1478FEEE1960D3CDB2E9162EE840B962E2490A9EE176A8C8EE68AFC8B89E5096613E5F2BFAD8FEAAF0D295586414BDAAB5DC9AF46F43F53EEB4E4B9EA073DF158F7FE108E727289F975AE86A29FEF8FA57CF9F7C72377F0F629908D89CFB74AC4D5BE15A4C0FC8A4F63B726BD15FEE9A866FBB401E2DABFC1C0C0ED8C75CF095CCEB5F03D6FA22935B2CD1E7EEC916E5FC8D7BD5EF56AC7BFE87EBFE34276D84E29AB33E48F1CFFC13CBE1E78E6361AB781F41BB66DC03AD988655CF521D30C33EC4578FF8C7FE08BFF0C35A663A7E9FADE84C5B39B6BE77503D965DFC7D4E6BEFEBDFBC2B22FBFD59AEDA39962E97F0EA497CCF27179065B89BFB7A1097FDBA8FCBAF18FF00C10F6EADCB49A0F8CCED0388AFF4FC64FBBA371FF7CD795F8BBFE092DF157C32F21B3B4D1F5944C906DAF761603FD970393E95FAFB7DD1AB0AE7FD6FE26BD9A3C5B98D3DE5CDEA8F92C6F85D9062358D3707FDD93FC9DD1F8DFA77FC13E3E315EDF9823F006AE843004C8F1220CF7DC5F047D09C57D3BFB2C7FC113357D7F5BB5D47E236A505A69D1B890E956059E59C03F71E5180A3FDDC93EA2BEFAD37FD72D7A0782FFD5C7FE7BD698AE2FC75587246D1F4DCE4CB7C26C970B5555A9CD52DD24F4F9A5B9BBF08BE1C69FF000F3C2F65A4695636FA769BA7C4B05B5B4298589140000FF3CF5C934575BA37DCA2BE59B6DDD9FA6C211845462AC91FFFD9);
INSERT INTO `users` VALUES ('Manjunath', 'Manjunath', 'Manjunath', 'tmksmanju13@gmail.com', '9535866270', '#7827,4th Cross,Rajajiangar,Bangalore', '05/06/1987', 'Male', 'Owner', 0xFFD8FFE000104A46494600010100000100010000FFDB008400090607100F0F10101012100F10100E100F100F0F0F100D100F0F1511161615111515181D2820181A251B151521312125292B2E2E2E171F3338332C37282D2E2B010A0A0A0E0D0E151010172F1D1D1D2D2B2D2D2D302D2D2D2D2D2D2B2B2B2D2B2D2B2B2D2F2D2D2D2D2D2D2D2B2D2D2D2D2B2B2D2D2D2D2D2D2E2D2D2D2D2D2F2BFFC000110800E100E103011100021101031101FFC4001B00010002030101000000000000000000000001020306070504FFC4004510000201020303050C0707040301000000000102031104122105415113317191F006071417223253618194A1B115234252B2C1D324626372A2D1D24373A3E18292F133FFC4001A010101000301010000000000000000000000010204050306FFC4003111010001020404030802030101000000000001021103041351142131527191E1122223323341618105B162D1F0A142FFDA000C03010002110311003F00EE20000000000000000000000000000000000000000000000000000000000000000000000000000000000000000000000000000000000000000000000000000000000000000000000000000000000000ACAA25CEC0A72F1E28072F1E28072F1E28072F1E28072F1E28072F1E28072F1E28072F1E28072F1E28072F1E28072F1E28072F1E28072F1E28072F1E28072F1E28072F1E28072F1E28072F1E28072F1E28072F1E280B46A27BC0B800000000B81E5ED9DA91A1072E77B92E76F72035BE4B1788779D6E453D7253E78AF5BE2512B64C9DFF006AAD9573CB33F86A2E0B654AD99E26B25BBCA777F11712F654D2D7115AEF9A399DFE62E25EC99DD2F09ACE5BFCA764BAC5C4AD9526ECB135ACB9E599DBA39C5C16CC7ABF09ACA2B7DDEBF11713F45C92BBC456D7CD8DDDDFC45C4BD972565E1155C9EECCF4E9D45C596CA93795622AB6BCE77765F11705B2E4EFFB455CAB9E577AF46A2E256CB95B33AF552DCAEEEFE22E0F65C95AF5AAE67CD14FFEC5C5BE8A95F2AAF55CB7EAED15D62E0B65C9BB2AF56CB9E57D3A39CB705B31D9CB97AAA2B99DDDD92E27E8C925775AADDF9B1BEACB712F65C95972D51C9EEBE897162E27E8B77B2AD51DBCE77D17AB9C5C42D9ADDDF2D51457DABF3F40B89FA35DB33AD552FB2AEEEFE22E22583AF4ECE155CA4F5C92D47247A9B1B693A89C66AD38BB497AF89255EB9000014AD51455D81AF57DAF39C9AA51CE93B393964A69F0CDADDF4267AD385CAF54D9E1563F3B5317FEBCFF00D5DE7637095AB4E1293A4945E6CB9E52BBDDAE532D3A779F2F563AB89DB1E7E8C8F0F5AD64E9A5BFCB95DFB72934E9DE7CBD5756BED8F3F42542ABB7FF009655F673CBFC4BA54EF3E5EA9AB5F6C79FA1C8D6BDDBA4F82CF2B2FE91A54EF3E5EA6B57DB1E7E82A5595DDE9667BF3CB4F6651A54EF3E5EA6B57DB1E7E88E4AAA564E9ABF3BCF2BBFE91A54EF3E5EA6B57DB1E7E8874EAD92FAA515BB3CB5F6E51A54EF3E5EA6B57DB1E7E896AADEEF92B2E659E565EBF34BA51BCF97AA6B57DB1E7E885CADDB6E9396EF2E564BA328D1A779F2F535EBED8F3F457EB527674F33E79728EFF8468C6F3E5EA6BD7DB1E7E8C6B193A768D45921BE49E68CBD59B77B4C2AC298E71CD9D38F1336AB94FF00E79BD2A38A8CD26F48AB658FDE7B8F37BBE872D537AC9F9B1E1DB8812AE9D96B37CF2DD14016F8C5D97DB9EF6F7AB80BA6B8535CCBEF7FD012E5CD292FE4876DE02ED3E351F545005BE317AFDB9F6DE0134D59694D73BFBC04B9734A5A457990DEDEED0036D3BBD66FCD8EE8AEDBC094DA765ACDF9D2DD15DB701F12B43151CBCD38BBBE2D34246CF1E64412000D7FBAFC5BA745462ED2A928D38BE0E4ED7EAB9EB834C555C44BC7315CD187331D7A79BE2C3C546118AD124925EA3DEAE7376BD11114C442E99190D810D944361156C0A365632A365632A3919319951B2B0524CAC6650AB35EB5F75EA9FB05922B98F05230B3CD4B9D7FA527A2FE47BBA0F1AF0A27F0D8C2C79A794738DBFD4FFB7D186DA6D3CAF4A8F9F3ACAE2BA3FB1AD551553D61BB462D35F49FF6FA963D79A9D97DA9DF56CC5E89FA422D7082E65F7BFE8097B4169297FE1001F4859EE737D514016396AA2F5FB7300B1F16ACB482E77F78097B422ECDE915E6C38F0027E9049DDD9CDF9B1DD14042C7A4EC9A737E74B7240163E3E6A768AF3A57D5FB40F96AED08BC452B5925195BAD01B5E1B191925D041F5A6000D57BBA5E4D07C3114BF11EF96F9FF53FD35B371F0BF71FDB1539688F697953D12A5A851C88233144390455C8228E456332A3919319951B2B1BA8D958CB1CA45612A39158CB1B975958ACF11756928CD7EF24C7B3B2EA4F498BA8EAC3D153B740F66774D48ED85255A1E8A1D45F63F2938D1DAA3AF0F470EA2FB1F963ADFE2878887A38750D3FCB1D7FF155E261E8E05D3FCA6BFE1578A8FA3875174FF2C6731FE2ABC5C7D1C069FE5388FC2BE191F470B974FF0029C44ECABC62F470EA2E9FE535E764786AF470B740D3FC9AF3B3156C56ABEAE05F620D5997D983DAB2A5AC2528DBEC36E54E5EAB3E6F61E38997A6AFB3DF0B3B89873D6F1B7FDD1D07606D1588A519ADEB9B7A6B46BACE5D74CD154D33F677F0EB8AE98AA3A4BD43166D67BBB5FB3A7F76AD37D55227B65FEA43C3351F0AA7C1465E4A3627AB5A99E4B296A152E44555C8A9755C825D5722D92654722B1BA8E456332A39158DD5948B66332C72916CC66547232612C6E4562A39158CA92916CC658E522B0951C8AC55722A28E45632A39158CA8E45442D409B12E26FFF00C031D67AA0B086F422B75EF6F27C9D55B95576FF00D51CCCE7D4FD3BFF00C7FD1FDCB75355BCD73BBB5FB1D47C127D4D33D703EA53E2F1CCFD2AFC25E361E7E49B7547369513C9752D496657E69CC2C5D573162EAB996CC6EAB9152EA39158DD4722B1BA8E4549960C4E2634E329CE4A318A6DC9BB2496F1D18F399B4354C577C3C0C1B51954A9EB8C1DBD8F79E5398A21EF195C496BDB43BE554E53EA2947925E92EA72F5E9CC7955999BF28E4F6A72516F7A79B352EF9AADE5E1DDFF007669AF8D8CA335BC309C86D53EAA1DF1F0D2F3E9D587AED192F83338CD53F7879D591AFED312D8766EDAA18A57A352337BD5ED25D28D8A2BA6BE92D3C4C2AF0E7DE87D6E47ABC255722A2AE4114722B1954AC4B842E02E42C5C0C755EA83281BD08377EF6D1FA9A8F8D597C91CBCDFD4F27D0E423E0C7EDBA1ACDC783DDB46F82AFF00EDC9FC0F4C2F9E9F1879E345F0EAF096B384A9E42E85F237EA8E6E6E1CFBAC99F531B32BF31CC58BA1CCB64BAAE62C9751CCB64BAAE654BAAE65B31BA9298B24CB917771DD555C455AB868351C3C2591A5CF51C5EB77C2FBBD468E362CD5334C747472F8114C4553D5A89E0DA000003261EBCE9C94E12709AE6945D99626626F095531545A79BA87721B7DE2E9353B2AB4ECA76FB4B748EA65F175239F5870F3797D2AB97497BCE46CB4D0E418CAB72B14390445C09CC42C5C29708C751EA832824F420E81DEE23FB337C673FC472B35F567FEFB3E8B25F429FDFF006DB8D76D3C7EEB217C1D65FC29FE16654CDAA8635C5E99691B36A5E9C7F923F23A75C737230E7DD67CFA98D995C73162EABA85B25D0E65B25D573164BAAE65B228E65B25DE0776BB42AD0C1D4A945A534E29B6AF68B6936BACF2C699A689987AE0531557112E30DDF57AB6EEDBD5B7C4E6BAE000000001B3F7BDA8D62E4B74A8C9BF6356F9B36F273F12DF868FF2111A513F9747723A8E1CCAAE4125198AC5172297017085C81702937AA22C266F4043A3F7BB8DB0717C6537FD6CE46627E254FA4CAC5B068F06D278B61E76DF8DF0D557EE4BE409736D9153EA61FC91F91D8AFAB8987D1F539EA6366574398B25D19C58BAB9CB64BAAE62C8AB996C8AB996C8F9B1B4E3569CE9CD29467094649EA9A684D31316929AA69989870CAB4DC2528BE78CA517D29DBF238F3169B3BB1378BAA4500000006DDDEEE97D6D69F08462BDADB7F246F6469F7AA9737F92ABDDA61BD663A4E3AB98219808CC4137017085C8A5C22B37AA22C26ABD011D5D43B825FB152F5C6FF138F8DF52AF17D2E5FE951E10D8CF27B3E4DAB1BD19AFDD7F20393EC897D5457056EAD0ECCF4870E394CC3EA94F52596519C59119CB610E62C8AB996C5D473164BAAE65B3151CCA390F75184E47195A3BA53E523D13D7E773918F4FB35CC3B597AFDAC3A65E59E4F600000006E1DEFF0011675A9F1CB3BFC3F23A191ABE6872FF0092A79535372CC745C94662066009904E6023302C662164E6059127AA0B0567E4912239BACF7150B60687FB50F91C5C4F9EAF197D36145A8A63F10F78C1E8F9F682FAA9F43038F6CD95A2D7094D754D9D98F969F07127E6ABC65F44A7A96218CAAE65B1743A82C9755D42D92EAB98B0AB996C8ABA82C8AB996C39FF007C34B97A4F7BA4D37C6D2D3E6FACE6E763DE874F233EE4F8B5534DBC00000481EEF71726B15A733A53BF45D1B792FA9FA6967E234BF6DFB31D6712C662066058CC0B198858CC0B198164A9010DEA881889792088765EE5216C1D05FC287E1470AAEB2FA6A62D10F5C8C98716BC89743038BE1DDA75570AF597FC923B387CF0E9F07171396255E2C9527A99C43CE54750B6443A82C2AE65B22AE62C21CCB6455CC22AEA16C351EEF30D9A14EB2FB0DC65D12B59F5A5D668E7B0FDD8AB66FE46BB4CD3BB4C39AE98000902F87A79E7085F2E79C6199ABE5CD24AF6DFCE5A62F311BA5536899D9BF6C2D8B1C229372552A4BCE9C535151DD18DF5F6FF0063AD96CBE9C4CCF597173798D5988A7A43D5CC6D352C6609633116C66058CC42C66058CC0B253019B540312FC9F6124A639BB86C28DB0F4D708457C0E0BE99E8018EBAF265D0C0E2559E5C4E263C31157E32BFE6767039E152E363F2C5A94AB5353DA21E32A7282C88E505857396C88CE2C21CCB6149541618DD42D863AB184E2E338A9C249A94657B493DDA6ABA512AA22A89A67EEB4D73455154758738DA94152AF5611568C67E4A6DBB45ABAD5F3F39C2C5A3D8AE69D9DCC2AFDBA22ADDF29E6F4480032E0DDAAD3FF769FE346787F3D3E30C6BF92AF09FE9D2D48EF3E76C66058CC0B198858CC0B198066059398163304B254B5405AB6B65C5A5F131AF9532CB0E2F543BCECB8DA8C17EEA382FA37D4056AF9AFA00E1DB51DB1B8B5FC77F18459D9CAFD1A5C7CCFD5A9F2D59EA6C43C258F396C88CE2C239416443A85B0A4AA8B0A39854672A233846BDDD3ECA9544EBD349B847EB23BDC17DB5C6DBFD5D073B3D83336AE98F1743258D117A27F4D54E63A40002612B34F834FA99626D37498BC59D0305B429D58A70926EDAAE66BD87730F169AE2F4CDDC2C4C1AA89F7A1F4E63D1E763310B27382C8CE0B0A404E6058CC0B27315168BD502CCD1779D35C6A417F523CF17E4ABC259E0C7BF4F8C3BE6057D5C7A11C27D0338113E67D0070DEE9565DA38A5C6707D74E275F27CF09C9CDC7C5979B5A7A9B710D6962CE6564467021D40292AA0B299C2998A86605987178C8528E69BB2F8BE83CF13129A22F54B3A30EAAE6D4B5FC6F748E4A518C3C9926AF27ADBA0E76267AF1314D2DEC3C95A62665E01CF6F800001684DC5DE2DA6B7A766589989BC24C44C5A5E852DB9888FDBCDFCC933629CDE2C7DEEF09CAE14FD9E8E1BBA67FEA43DB07F91EF467BBA1AF5E47B65EC6176952ABE6C937C1E8D7B0DCA31A8AFA4B52BC1AE8EB0FAB31E8F2B198A58CC0B27302CB29152CB41EA41F5E0D66C461D71AF4BF1A3CB31CB0EAF07A65E3E253E2EFB865E447A11C377594086070EEEDBC9DA75FD71A72F85BF23AF91FA73E2E5E73EA7E9E1D79EA6EC35658B942A21CC16525502D95CC16C660964E6216795B436EC29DE30F2E7FD2BA59A78D9CA68E54F396D61656AAB9CF286B78BC5CEACB34DDDEE5B9742397898B5624DEA97468C3A688B52C279B300000240000240203D5D9DB6A74DA8CDB9C3D7E747FB9B7839BAA9E557386AE36569AB9D3CA5B3D3AAA4934EE9ABA3AB13131773262D3695F315129844A6517A6F508F4762EB8CC32FE3C3E0EE6BE6B96154F6CAC7C4A5DF68F9ABA11C5769700C0E1FDF2165DA92F5E1E9BFEBA8BF23ABFC7FC93E2E6E723DF8F0FF006D66B48E8352CC5981655D425D6CAE6175B273111F3633684292F29EBBA2B9D9E58B8F461C7BD2F4C3C1AABE8D7B1FB5AA55D3CC87DD5CEFA59CAC6CD5789CBA43A18597A68FCCBE0359B0000000090000090000001B177398ABC1D37CF17A7F2B3A593C4BD3ECECE766F0ED57B5BBD9CC6F34EC94C09CC54B2F4DEA58EA92F63B9759B68E117F124FAA9C9FE46B673E94FF00DF77BE563E2D3FF7DA5DEE9F32E838CEC2C000E27DF5619768C1FDEC3A5D5397F91D3FE3E7E686867239C34EACCE94B4E189C8C6EB656E04DC0F8B6AE3B91869E74B457DDEB35B338FA74F2EB2F6C0C2F6EAE7D21ACCE6E4DB936DBE76CE35554D537974E22222D082280000002400002400000000FBB6249AAF1B6FBA7D163632B33AB0F0CCC7C396D573AEE5A6E113728BD27A963AA4BDEEE2A19B6961BD4EA4BFE392FCCD5CF4FB8D8C9C7C487798F32390EAA4001C63BF0AB6370EF8D1A8BAA51FEE747F8F9E7534B37FFCB44AB3D4E9CB4A218C96548B09B0B09496F8529FFB9428D66BA1CE2EC615E1515FCD17654D7553D26C9B47D161BDCF0BFE061C36176AEB6277168FA2C37B9E17FC070D85DA6B6277168FA2C37B9E17FC09C361769AD89DC9B47D161BDCF09FA6386C2ED5D6C4EE2D1F4585F73C27E99386C2ED4D7C4EE4A51F4585F72C27E98E1B0BB4D7C4EE2D1F4585F72C27E99786C2ED35F13B8B47D1617DCB09FA64E1B0BB4D7C4EE4DA3E8B0BEE584FD31C361769AF89DC5A3E8B0BEE584FD31C361769AF89DC5A3E8B0BEE583FD3270D85DA6BE27726D1F4585F72C1FE98E1B0BB4D7C4EE2D1F4585F72C1FE98E170BB535F13BBFA4DA3E8B0BEE383FD32F0B85DA6BE2777F49718EEA7423FBD4F0B86A325D128413F8995397C3A66F4C2558D5D51699329EBECBCEE9CA3D92E9CA5F652E98E8C5AD2365EF78AFB4E9FAA9D47F25F99A39F9F77F6DAC9FCFF00A7734729D3480039377ECC13FA8AF1D72668C96FCB2B6BD715D66CE5B1228AA6FF0076BE6289AA2263ECE50B13EB3A31988DDA9A73B27C257145E22374D39D93E14B8A1C446E69CEC958A5C50E22374D39D93E14B8A1C446E69CEC7852E2BAC7111B9A73B27C29715D63888DCD39D8F0A5C50E22374D39D93E14B8A1AF1B9A73B1E14B8AEB1C446E69CEC9F0B5C5758E223734E763C29715D64E223734E763C29715D63888DCD39D8F0A5C5758D78DCD39D93E16B8AEB1AF09A73B1E16B8AEB1AF069CEC785AE2BAC6BC1A73B2562D715D6388834E764F85AE2BACBC446E69CEC9F0B5C5758E22374D29D93E18B8AEB1C446E694EC7862E2BACBC446E694EC9F0C5C5758E223734A7644B149EF5D66338F13F734A766F5DE8F0BCA632559BF2614DC17ADB69BEACBF1347358B154443732D8534CCD52ED469B700006BDB7BB9A8E2F49BD3801AE4FBD6E19F64057C5561BB58078AAC376B00F15586ED6023C54E1BB58078A9C376B00F15386ED601E2A70DDAC03C54E1BB58078A9C376B00F15386ED601E2A70DDAC03C54E1BB58078A9C376B00F15386ED601E2A70DDAC03C54E1BB58078A9C376B00F15386ED601E2A70DDAC04F8AAC376B00F15586ED601E2AB0DDAC04C7BD661976407BBB0FB91861257A6EC80D9D0120000000000000000000000000000000000000000000000000000000000000000000000000000000000000000000000000000000000000000000000000000000000000000000000000000000000000000000000000000000000000000000000000000000000007FFD9);
INSERT INTO `users` VALUES ('tmksmanju', 'tmksmanju', 'tmksmanju', 'tmksmanju13@gmail.com', '9535866270', '#827,4th Cross,Malleshwram,Bangalore', '05/06/1987', 'Male', 'User', 0xFFD8FFE000104A46494600010101006000600000FFDB004300080606070605080707070909080A0C140D0C0B0B0C1912130F141D1A1F1E1D1A1C1C20242E2720222C231C1C2837292C30313434341F27393D38323C2E333432FFDB0043010909090C0B0C180D0D1832211C213232323232323232323232323232323232323232323232323232323232323232323232323232323232323232323232323232FFC0001108008F006A03012200021101031101FFC4001F0000010501010101010100000000000000000102030405060708090A0BFFC400B5100002010303020403050504040000017D01020300041105122131410613516107227114328191A1082342B1C11552D1F02433627282090A161718191A25262728292A3435363738393A434445464748494A535455565758595A636465666768696A737475767778797A838485868788898A92939495969798999AA2A3A4A5A6A7A8A9AAB2B3B4B5B6B7B8B9BAC2C3C4C5C6C7C8C9CAD2D3D4D5D6D7D8D9DAE1E2E3E4E5E6E7E8E9EAF1F2F3F4F5F6F7F8F9FAFFC4001F0100030101010101010101010000000000000102030405060708090A0BFFC400B51100020102040403040705040400010277000102031104052131061241510761711322328108144291A1B1C109233352F0156272D10A162434E125F11718191A262728292A35363738393A434445464748494A535455565758595A636465666768696A737475767778797A82838485868788898A92939495969798999AA2A3A4A5A6A7A8A9AAB2B3B4B5B6B7B8B9BAC2C3C4C5C6C7C8C9CAD2D3D4D5D6D7D8D9DAE2E3E4E5E6E7E8E9EAF2F3F4F5F6F7F8F9FAFFDA000C03010002110311003F00F7FA28ACFD6758B6D0F4E92F6E9B08BC051D58F60294A4A2AEF61A4DBB226BED42D74EB57B8BB9962897AB31C7E55E7BABFC4F3B9A3D22D5703812CFDFDC28AE3B5EF10DEF882F0CD72E4443FD5C2A7E541FE3EF5935E0627339C9F2D2D11E952C1C52BCF566EDDF8C75FBC277EA32A83DA3C20FD2B325D4EFE63992F6E58FBCA4FF005AAB4579B2AD525F149B3AD422B644EB7D769F76EA71F4908ABD6DE26D6AD08316A77231D99F70FD6B2A8A4AACE3B30718BDD1DC69BF13753B770B7F0C5751F72A363FE9C57A0E85E25D375F8B75A4D89547CF0BF0EBF8771EE2BC1AAC595ECFA7DE45756D218E68CE5587F23ED5DF87CCAAD3769BBA39EAE12125EEE8CFA2C1CD159FA1EA2BAB68D6B7C060CA80B01D9BB8FCEB42BE8E325249A3CA6ACECC28A28A6210F4AF16F1D6BC758D71E18DC9B5B52638C0E85BB9FCFF004AF55F126A1FD97E1DBEBB1F7922213FDE3C0FD4D781312CC493924E49AF1F36ACD254975D4EFC153BB7362514E44791D5114B3370001D6B7ECBC1DA8DD20794A5B83D03F27F215E0BD0F44E7A8AE9AEBC13A84285A19629B8CE07CA7F5AE7AE2DA7B494C57113C4E3B30A3715C8A8A28A0614AAACEC1541662700019CD2C71BCAE12342EEDC0551926BADD1743365B6E6E00F3C72ABFDCFFEBD2BD8A8C5C9D91D17C38F102CB6E7449C05962CB427FBCBDC7D41AF421D2BC4F570FA27886DB55B41B44844A3D3703F30FC7FAD7B2D9DD4779670DCC47292A0753EC457D265988F694F91EEBF23C8C5D2E49F32EA4F451457A6721C9FC4672BE0F98038DD2A0FD6BC65119DC2282598E001DCD7B0FC49CFFC226D81C79D1FF3AF3DF09D8ADD6A125C38CAC0BB80FF0068F4AF9CCD5FEFFE47AB82FE1FCCE8F40D0E2D321596450D72C396233B7D857408706AAA354CAD5E3B773B25127619AAB75A75ADF4463B985645EC48E47D3D2AC87E282F45D99EA72577E0680BE6DAEDE307F8645DD8FC6AB2782555879B7B91DF627F8D764CD50B9A7CCCB8A332CF49B3D397F7110DDDDDB963F8D4AF5339A81B934B73AA0AC6678960137877CDC7CD04C0E7D88C7F85763F0FAE8DC784AD558E5A1668FF000078FD0D72FAD8C785AF0B742CB8FCC56DFC31CFFC2372E7A7DA1B1F90AF5F296D56B791E5E3D2E57EA76D451457D21E4995E24B05D47C3B7D6C5433342C501FEF0191FAD799781A450D7B6EC3E760ADFCFF00C6BD85865706BC6353B73E13F1B311916CEC5D47AC6DFE1FD2BC5CDA95D46A2F43BF053DE0755CA3106A456A2751222CF1F2A46723B8A803D7CFB563D75EF2B96C3D05EABEFA37D48B9094BD44CD4D2F51B3D054600ED5175A5CE6ACDA41E6BEF6FBABD07AD34AE68DA8ABB31FC5D37D9B408ADFF8A5901C7D393FD2BAFF0000DA9B4F08DA1618698B4BF813C7E98AF3DD55A4F12F8B20D3EDBE68D5BCB0579039F99BFCFA57B2DB4096D6B14110C471A05503B002BDECA693E6753E478B8D9E8A3DF525A28A2BDD3CE02335CCF8CFC3835ED2FF007200BC87E689BD7D57F1AE94F4AE0FC53E229EEEF8E85A5BED6E971303F7477507F9D72636AD2A745BABB1955C52C3253EBD1776737E18D77C9FF895DEB6D2A4AC6CDD8FF74D74B3DB1CEF8FA7715CF6A1E13B77B44FB236DB941CB31E1FEBE86A9E9FE24BBD21FEC5AA4323A2F018FDE51FD457C842A42AEC7B783C5AAB1525A3EA8E8CB107041A3754F6BA8E9FA9A66199243D769E187E153B59C479191F8D37167A2AB47AA281634DEA6B405945DCB67EB4C9E7B2D3D37CF2C51FA6E3CFE5472B1BAD15B0C86D198867F9573D3D6B27C4BAF47636ED6166DFE90E30597FE598FF001AA7A878AE6BD7167A3C321773B43EDF99BE83FAD4965E1692C254B9D5086B971BC459CEDCFF0078F735724E1073B688E1C562A34E3CF3FB87783A787C39786E754B578FED0A152E3A88C1F51DB3C57ABC5324D1AC91BABA30C8653904579F49B65565914321182A4704545A4EAF2F866F12191D9F4A99B00139301F6F6AEDCAB35516A8D5565D19F2D2C74FDA3955778BFC3FE07E47A5514C8DD6440EA772B0C823B8A7D7D49DE73FE2FD77FB13439248FF00E3E25FDDC5EC4F7FC2B82F0D42238669DF995DB049FCFF00AD49E3EBF37BE258ECC3662B651C7FB4793FD2ABE8B701049093C93B87BF6AF8FCEB10EAD5705B23E7AAD7F6B8C6DED1D17AF53A032557BAB7B7BC8F65C44B22FBF51F43DA99E67BD2799EF5E1AD354752AAE2EE998B37856179435BDD345CFF0018DD8FC7AD5E4F07F8AA2453697F1CB19190C939C63F1156FCCF7AD4D1F5A363208E624DBB1E475DBEF5E9E06BD273E4C46CFAF63D1C3E69562F966EE8E7E5F0A78C1A27325CE76A93B44FC9F618AF3C6D4956F4ADCC32E55B1206386FD6BE954659230EA4156190457937C45B7D2878BF4C45B58DAE5BF7974A1B6F98B9E01F73835F435B2EA54E2A70FC4FAAC9AB52AF59D3AF0E6D1B56E963ADF87B6B6BFF0008E457915A089E46702465C33AE7826A3F10CD9D59D7FB8A07F9FCEBA8D36E2D6E6C2292CF68876E1540C6DC76C76C74AE1756B812EAD74E0F1E6103F0E3FA573E776A7848538F7FC91F319B55BC9BB5AEF6EDE433CCAAF7882E6D6589B90CA47F8530C9EF4D925F90F3DABE5568F43C394934D337BE1DEBAF3DB49A45CB665B719889EE9E9F87F5AEEF70AF10B2BB6D1BC4B697AA70A586FF00753C37E95ED81948041041AFB6CAF13ED68D9EE8EBCAEBB9D274E5BC74F9743C3AFE7377E22BF9CFF14AF8FCF1FD2951DA270E870C3A1AAE14A6AD771B751230FF00C7AACE2BE5B10DBA8DB3C0A4DBBBEB766B417CB328070AFE9536FF007AC455356239A45182722B95C3B1DB1ACFA9A45FDE9BE655512E682E7D335362B9CEA3C3FAF7D9255B4B96FF004763F231FE03FE15E67F136566F1DDE12C48558C27B0D83FC6BA3DEDFDDAE4B5E825BED7E50C4B48D6C19327AED1D3F215EDE071939D3FABCB5B6DFE47DAF05632D8D74E7FCAEDF7A3ADF871E2B693544D3E72C1A589F731E8CCA0153F5C023F0153CD3F992BB93F7989FD6BCC74BBD7D3B5282EA36C346E0FE1D0D7A5470EE50C581046462A333AB2946117D2FF00A15C6F84547114E74D6924FEF5FF0002C28627A53B696EB52AC58ED522C7CD7907C528B3035B8F6AC2C38E48AF48D37C440E97685B25BC94CFD768AF3EF11FCB0C0BDCB1AD6B1B39DF4FB6604E0C4A47E42BDCCAAACA09F29851A92A5889F279199E28B33A678C2E948C248E24527D1BFF00AF9A411F7AEE3C7FE1F6D4F4E5BDB64DD736C09200E593B8FC3AD705A65CACC9E539FDE2FAF7158E698674AB37D1EA15A8FB0C4CA9BDA5AA2C08E9E22A9C475208EBCBB9A28102C74F11D4EB1FB54823A9B96A05711D721E32125ADF58DDC4CC8FB58061C608FF00F59AEE847ED515EE9B6FA8DA3DBDCC7BE36FCC1F515B61EB2A551499EBE4D8C580C643112574AE9FA3563C9AF2EA0BA649520586423F7A13EE93EA076FA57A4F872E05E6876D2672C17637D471FE15C8C9E0BBE4D6A3B44CBDB3FCDE7E380BEFEF5E8B63A7C561671DB40BB63418FAFBD7663EBD39C572BBB3EB38AB1F83C4E16953A2F99DEEBC979FF9790A129E23A9C478EA2B2B5AD5A3B089A18CEEB861C63F87DCD79714E4EC8F82A8E34A2E53D8C4D65DAFF574B583E62088D40EEC4FFF00AABD8AD34B82DECE080A67CB8D533F418AE17C01E1A924B9FEDABC421067C80C3EF1FEF57A4EDF6AFB2CA709ECE973496E699561DB52AF516B2DBD071008C62BCEFC55E0793CF6D47455C3FDE78178E7D57FC2BD16908CD7A388C3C2BC79668F431385A788872CFF00E18F15B4D5555CC17A862994E09231CFBFA56CC611D03A30653DC1AEEF56F0D697AD29FB5DBA993B4A9F2B8FC6B90BAF873796B217D2754DA0F2125047EA3FC2BE6B1392558BBD3D51E4CB0B89A3A5B9D796E4023A788EAA4BA4F8AEC09DF1413A8EE1D7FF00AD555EFF0059878934F8B3FF005D07F8D7973C0E221F144875E31F8E2D7C8D81153C4558F1DF6BB301E569D17FDFC5FF001AB71E9FE2EBAE122B7881EFB97FFAF44701889ED12E3888CBE18C9FC8D111F355EE750B3B2199EE114FF77393F9522781FC4179C5EEAF1C4BDC265BF4E2B56C7E1B693010F752CD74DDC13B57F21CFEB5D94B24C44DFBCAC6896267A429DBCDBFD11C7CFAF5DEA327D9348B69199B8DC065BF2ED5D0787FE1F39996F75C6DEF9DC20CE727FDA3DFE95DCD969B69A745E559DBC70A7A22E3356EBDDC26514A8EB2D59B52CB6F253C44B99AE9D10C8E358D02228550300018029D81E82968AF5CF50FFFD9);
INSERT INTO `webserver` VALUES ('Ashok', 'Amar.txt', 'RGVuZ3VlIGZldmVyIGlzIGEgbW9zcXVpdG8tYm9ybmUgdHJvcGljYWwgZGlzZWFzZSBjYXVzZWQgYnkgdGhlIGRlbmd1ZSB2aXJ1cy5TeW1wdG9tcyB0eXBpY2FsbHkgYmVnaW4gdGhyZWUgdG8gZm91cnRlZW4gZGF5cyBhZnRlciBpbmZlY3Rpb24uWzJdIFRoaXMgbWF5IGluY2x1ZGUgYSBoaWdoIGZldmVyLCBoZWFkYWNoZSwgdm9taXRpbmcsIG11c2NsZSBhbmQgam9pbnQgcGFpbnMsIGFuZCBhIGNoYXJhY3RlcmlzdGljIHNraW4gcmFzaC5SZWNvdmVyeSBnZW5lcmFsbHkgdGFrZXMgdHdvIHRvIHNldmVuIGRheXMuSW4gYSBzbWFsbCBwcm9wb3J0aW9uIG9mIGNhc2VzLCB0aGUgZGlzZWFzZSBkZXZlbG9wcyBpbnRvIHRoZSBsaWZlLXRocmVhdGVuaW5nIGRlbmd1ZSBoZW1vcnJoYWdpYyBmZXZlciwgcmVzdWx0aW5nIGluIGJsZWVkaW5nLCBsb3cgbGV2ZWxzIG9mIGJsb29kIHBsYXRlbGV0cyBhbmQgYmxvb2QgcGxhc21hIGxlYWthZ2UsIG9yIGludG8gZGVuZ3VlIHNob2NrIHN5bmRyb21lLCB3aGVyZSBkYW5nZXJvdXNseSBsb3cgYmxvb2QgcHJlc3N1cmUgb2NjdXJzLg==', '[B@16e9494', '0', '26/09/2019 15:59:55', 'Amar', 'MzQ=', 'IzIyLDR0aCBDcm9zcyxyYWphamlhbmdhcg==', 'OTUzNTg2NjI3MA==', 'SGVhdnkgSGVhZGFjaGU=', 'RGVuZ3Vl', 'Rm91bmQgRGVuZ3VlIFZpcnVz', 'Q3VyZWQ=');
INSERT INTO `webserver` VALUES ('Manjunath', 'Gopi.txt', 'SXQgaXMgYW4gb3J0aG9teXhvdmlydXMgdGhhdCBjb250YWlucyB0aGUgZ2x5Y29wcm90ZWlucyBoYWVtYWdnbHV0aW5pbiBhbmQgbmV1cmFtaW5pZGFzZS4gRm9yIHRoaXMgcmVhc29uLCB0aGV5IGFyZSBkZXNjcmliZWQgYXMgSDFOMSwgSDFOMiBldGMuIGRlcGVuZGluZyBvbiB0aGUgdHlwZSBvZiBIIG9yIE4gYW50aWdlbnMgdGhleSBleHByZXNzIHdpdGggbWV0YWJvbGljIHN5bmVyZ3kuIEhhZW1hZ2dsdXRpbmluIGNhdXNlcyByZWQgYmxvb2QgY2VsbHMgdG8gY2x1bXAgdG9nZXRoZXIgYW5kIGJpbmRzIHRoZSB2aXJ1cyB0byB0aGUgaW5mZWN0ZWQgY2VsbC4gTmV1cmFtaW5pZGFzZSBhcmUgYSB0eXBlIG9mIGdseWNvc2lkZSBoeWRyb2xhc2UgZW56eW1lIHdoaWNoIGhlbHAgdG8gbW92ZSB0aGUgdmlydXMgcGFydGljbGVzIHRocm91Z2ggdGhlIGluZmVjdGVkIGNlbGwgYW5kIGFzc2lzdCBpbiBidWRkaW5nIGZyb20gdGhlIGhvc3QgY2VsbHMu', '[B@1a8c064', '0', '26/09/2019 17:45:30', 'Gopi', 'MzI=', 'IzgyNyw0dGggQ3Jvc3MsUmFqYWppYW5nYQ==', 'OTUzNTg2NjI3MA==', 'SGVhdnkgSGVhZGFjaGU=', 'SDFOMQ==', 'Rm91bmQgSDFOMSBWaXN1cw==', 'Q3VyZWQ=');
INSERT INTO `webserver` VALUES ('Manjunath', 'Komala.txt', 'SGVhZGFjaGUgaXMgdGhlIHN5bXB0b20gb2YgcGFpbiBhbnl3aGVyZSBpbiB0aGUgcmVnaW9uIG9mIHRoZSBoZWFkIG9yIG5lY2suIEl0IG9jY3VycyBpbiBtaWdyYWluZXMgKHNoYXJwLCBvciB0aHJvYmJpbmcgcGFpbnMpLCB0ZW5zaW9uLXR5cGUgaGVhZGFjaGVzLCBhbmQgY2x1c3RlciBoZWFkYWNoZXMuIEZyZXF1ZW50IGhlYWRhY2hlcyBjYW4gYWZmZWN0IHJlbGF0aW9uc2hpcHMgYW5kIGVtcGxveW1lbnQuIFRoZXJlIGlzIGFsc28gYW4gaW5jcmVhc2VkIHJpc2sgb2YgZGVwcmVzc2lvbiBpbiB0aG9zZSB3aXRoIHNldmVyZSBoZWFkYWNoZXMu', '[B@17d56b', '0', '26/09/2019 17:47:12', 'Komal.txt', 'MjE=', 'IzgyOSw0dGggTWFpbixWaWpheWFuYWdhcg==', 'OTUzNTg2NjI3MA==', 'SGVhdnkgRmV2ZXI=', 'VHlwb2lk', 'Zm91bmQgVHlwb2lkIHZpcnVz', 'Q3VyZWQ=');
INSERT INTO `webserver` VALUES ('Manjunath', 'Roshan.txt', 'TWFsYXJpYSBpcyBhIG1vc3F1aXRvLWJvcm5lIGluZmVjdGlvdXMgZGlzZWFzZSBhZmZlY3RpbmcgaHVtYW5zIGFuZCBvdGhlciBhbmltYWxzIGNhdXNlZCBieSBwYXJhc2l0aWMgcHJvdG96b2FucyBhIGdyb3VwIG9mIHNpbmdsZS1jZWxsZWQgbWljcm9vcmdhbmlzbXMgYmVsb25naW5nIHRvIHRoZSBQbGFzbW9kaXVtIHR5cGUuTWFsYXJpYSBjYXVzZXMgc3ltcHRvbXMgb2YgTWFsYXJpYSB0aGF0IHR5cGljYWxseSBpbmNsdWRlIGZldmVyLCB0aXJlZG5lc3MsIHZvbWl0aW5nLCBhbmQgaGVhZGFjaGVzLkluIHNldmVyZSBjYXNlcyBpdCBjYW4gY2F1c2UgeWVsbG93IHNraW4sIHNlaXp1cmVzLCBjb21hLCBvciBkZWF0aC4gU3ltcHRvbXMgdXN1YWxseSBiZWdpbiB0ZW4gdG8gZmlmdGVlbiBkYXlzIGFmdGVyIGJlaW5nIGJpdHRlbi5JZiBub3QgcHJvcGVybHkgdHJlYXRlZCwgcGVvcGxlIG1heSBoYXZlIHJlY3VycmVuY2VzIG9mIHRoZSBkaXNlYXNlIG1vbnRocyBsYXRlci5JbiB0aG9zZSB3aG8gaGF2ZSByZWNlbnRseSBzdXJ2aXZlZCBhbiBpbmZlY3Rpb24sIHJlaW5mZWN0aW9uIHVzdWFsbHkgY2F1c2VzIG1pbGRlciBzeW1wdG9tcy5UaGlzIHBhcnRpYWwgcmVzaXN0YW5jZSBkaXNhcHBlYXJzIG92ZXIgbW9udGhzIHRvIHllYXJzIGlmIHRoZSBwZXJzb24gaGFzIG5vIGNvbnRpbnVpbmcgZXhwb3N1cmUgdG8gbWFsYXJpYQ==', '[B@f02a6d', '1', '26/09/2019 17:48:26', 'Roshan', 'NDM=', 'Izg5MiwxMSBDcm9zcyxNYWxsZXNod2FyYW0=', 'OTUzNTg2NjI3MA==', 'SGlnaCBGZXZlcg==', 'TWFsYXJpYQ==', 'Rm91bmQgTWFsYXJpYSBWaXJ1cw==', 'Q3VyZWQ=');
